{"nowcast_rmse": 0.06096806618536548, "rsquared": 0.9911177271861998}