{"nowcast_rmse": 0.08748272064832643, "rsquared": 0.9519802481501152}