{"nowcast_rmse": 0.4073030002641101, "rsquared": 0.45338882900149413}