{"nowcast_rmse": 0.052963070538005336, "rsquared": 0.9910158369198112}