{"nowcast_rmse": 0.11252489650648151, "rsquared": 0.9936334199710931}