{"nowcast_rmse": 0.09028056138543517, "rsquared": 0.9556641849849452}