{"nowcast_rmse": 0.39797612204903193, "rsquared": 0.454663057090432}