{"nowcast_rmse": 0.2723782567239238, "rsquared": 0.5368034829741694}