{"current_rmse": 0.1507101197213274, "rsquared": 0.54593804512135}