{"nowcast_rmse": 0.08960842769230472, "rsquared": 0.994120166939694}