{"nowcast_rmse": 0.3871838438004625, "rsquared": 0.42442633143201325}