{"nowcast_rmse": 0.056421082239660886, "rsquared": 0.9857259870725898}