{"nowcast_rmse": 0.1427608824388301, "rsquared": 0.9568969894075635}