{"nowcast_rmse": 0.3869028778891234, "rsquared": 0.5370887680267419}