{"nowcast_rmse": 0.062264803373765755, "rsquared": 0.9915428536180187}