{"nowcast_rmse": 0.4045186407845458, "rsquared": 0.4576337324995363}