{"nowcast_rmse": 0.06654432460846149, "rsquared": 0.9778032131687482}