{"nowcast_rmse": 0.15521957695661745, "rsquared": 0.9633282004406408}