{"nowcast_rmse": 0.36364624003206675, "rsquared": 0.4371258273855062}