{"nowcast_rmse": 0.06515637543005247, "rsquared": 0.9879319140565798}