{"nowcast_rmse": 0.4135877550906351, "rsquared": 0.4545405456472845}