{"nowcast_rmse": 0.05483597102161621, "rsquared": 0.9882565892494936}