{"nowcast_rmse": 0.3886227082241831, "rsquared": 0.42126770573857264}