{"nowcast_rmse": 0.4116608094154266, "rsquared": 0.4388488515810012}