{"nowcast_rmse": 0.09225520930314719, "rsquared": 0.9880405054431428}