{"nowcast_rmse": 0.21505661246496702, "rsquared": 0.9561718124546287}