{"nowcast_rmse": 0.10714462691580576, "rsquared": 0.9883124426780849}