{"nowcast_rmse": 0.3917148162012336, "rsquared": 0.5238028879249141}