{"nowcast_rmse": 0.29608647444286357, "rsquared": 0.6085869889059368}