{"nowcast_rmse": 0.09140305469618477, "rsquared": 0.9514476568870948}