{"nowcast_rmse": 0.08152269668028958, "rsquared": 0.9862535816073671}