{"nowcast_rmse": 0.31194523799314267, "rsquared": 0.9866659470071866}