{"nowcast_rmse": 0.325472077521693, "rsquared": 0.5456114279646493}