{"current_rmse": 0.16500910984102782, "rsquared": 0.546003673790536}