{"nowcast_rmse": 0.19183046180430238, "rsquared": 0.9856778378414303}