{"nowcast_rmse": 0.2802862659730911, "rsquared": 0.9907473739416808}