{"nowcast_rmse": 0.04925922084274578, "rsquared": 0.9937955395737721}