{"current_rmse": 0.3942521679500457, "rsquared": 0.06955799108529692}