{"nowcast_rmse": 0.3792591688743139, "rsquared": 0.5579191431178152}