{"current_rmse": 0.2730545294942887, "rsquared": 0.582610125155832}