{"nowcast_rmse": 0.29980730393931765, "rsquared": 0.5475889573044216}