{"nowcast_rmse": 0.32343972469617305, "rsquared": 0.5596659907058541}