{"nowcast_rmse": 0.15543863013345238, "rsquared": 0.9948684613687949}