{"nowcast_rmse": 0.2496112885988367, "rsquared": 0.9590546489495291}