{"nowcast_rmse": 0.09884489924500554, "rsquared": 0.9809234743765989}