{"nowcast_rmse": 0.22099299406393252, "rsquared": 0.9925295775116203}