{"nowcast_rmse": 0.34395175260715327, "rsquared": 0.9906780747849547}