{"nowcast_rmse": 0.4814676823804542, "rsquared": 0.4506811461242176}