{"nowcast_rmse": 0.05873329605050314, "rsquared": 0.98713492865388}