{"nowcast_rmse": 0.06522300623676949, "rsquared": 0.9888528698905451}