{"nowcast_rmse": 0.08003229752624436, "rsquared": 0.98030032540191}