{"nowcast_rmse": 0.2235978452155829, "rsquared": 0.9788416683221455}