{"nowcast_rmse": 0.3971206829372651, "rsquared": 0.24137153060572591}