{"nowcast_rmse": 0.3911340049855107, "rsquared": 0.26172381043048853}