{"nowcast_rmse": 0.4061150498193426, "rsquared": 0.24251666835502272}