{"nowcast_rmse": 0.38873928098677896, "rsquared": 0.25135076663981737}