{"nowcast_rmse": 0.16056502300067282, "rsquared": 0.984536164927633}