{"nowcast_rmse": 0.389317650653489, "rsquared": 0.2471124892644636}