{"nowcast_rmse": 0.10740188243448164, "rsquared": 0.9846383377437563}