{"nowcast_rmse": 0.15605493376745802, "rsquared": 0.9271360948858417}