{"nowcast_rmse": 0.3467469497564085, "rsquared": 0.436885786105384}