{"nowcast_rmse": 0.3775249515415974, "rsquared": 0.5005371747424945}