{"nowcast_rmse": 0.12213465361518794, "rsquared": 0.9855870108544055}