{"nowcast_rmse": 0.1155916733741106, "rsquared": 0.9579525777365132}