{"current_rmse": 0.16835596877583153, "rsquared": 0.5411787639857875}