{"nowcast_rmse": 0.2800582259882583, "rsquared": 0.5352269405983126}