{"nowcast_rmse": 0.18767296334241818, "rsquared": 0.9903656074380279}