{"nowcast_rmse": 0.20897657460512303, "rsquared": 0.9893956869292422}