{"nowcast_rmse": 0.3932071581763264, "rsquared": 0.2487669375789101}