{"nowcast_rmse": 0.42024266488217005, "rsquared": 0.28710775124083676}