{"nowcast_rmse": 0.19776790370200187, "rsquared": 0.9957031513667889}