{"nowcast_rmse": 0.13074995131954376, "rsquared": 0.9902615703927165}