{"nowcast_rmse": 0.07266518138841765, "rsquared": 0.9852639989504978}