{"nowcast_rmse": 0.06494698483049825, "rsquared": 0.986933561025666}