{"nowcast_rmse": 0.07441244580535483, "rsquared": 0.9890614686208176}