{"nowcast_rmse": 0.2776518067313769, "rsquared": 0.9382319955686165}