{"nowcast_rmse": 0.19904304991847188, "rsquared": 0.9580425759021279}