{"nowcast_rmse": 0.19990474486683893, "rsquared": 0.9931940145823626}