{"nowcast_rmse": 0.08392390668724499, "rsquared": 0.9671723903912306}