{"nowcast_rmse": 0.3694126723600057, "rsquared": 0.4210127977574497}