{"nowcast_rmse": 0.14502338721907687, "rsquared": 0.9874404432490992}