{"nowcast_rmse": 0.415553985309474, "rsquared": 0.25476987757351877}