{"nowcast_rmse": 0.47405325843226087, "rsquared": 0.25088950581516933}