{"nowcast_rmse": 0.23016379194739348, "rsquared": 0.9898108366085661}