{"nowcast_rmse": 0.4065255618432856, "rsquared": 0.27148865071506556}