{"nowcast_rmse": 0.16747250525234145, "rsquared": 0.9939300345134716}