{"nowcast_rmse": 0.3395437334599284, "rsquared": 0.4153826321692894}