{"nowcast_rmse": 0.2928011432090941, "rsquared": 0.5788905367525436}