{"nowcast_rmse": 0.09002623858929899, "rsquared": 0.9913375141672789}