{"nowcast_rmse": 0.1419517040710413, "rsquared": 0.9399002101553442}