{"nowcast_rmse": 0.09194551155778595, "rsquared": 0.9479360254384458}