{"nowcast_rmse": 0.09473911181179419, "rsquared": 0.9456030884906452}