{"nowcast_rmse": 0.10858260000704707, "rsquared": 0.9425050796288239}