{"nowcast_rmse": 0.14202813125999242, "rsquared": 0.94456312139239}