{"nowcast_rmse": 0.12025329032838968, "rsquared": 0.9897253257429633}