{"nowcast_rmse": 0.35607196534236435, "rsquared": 0.5925582379275205}