{"nowcast_rmse": 0.1716908185952165, "rsquared": 0.9449941507179468}