{"nowcast_rmse": 0.16482115181587345, "rsquared": 0.9395203968948236}