{"nowcast_rmse": 0.08439986129441224, "rsquared": 0.9841093027060238}