{"nowcast_rmse": 0.2601967293771116, "rsquared": 0.9298364945397962}