{"nowcast_rmse": 0.09151053189481716, "rsquared": 0.9818525217933342}